stwo-no-default-tests-run-1.elapsed	2	seconds
stwo-no-default-tests-run-1.status	0	status
stwo-no-default-tests-run-2.elapsed	1	seconds
stwo-no-default-tests-run-2.status	0	status
stwo-no-default-tests-run-3.elapsed	2	seconds
stwo-no-default-tests-run-3.status	0	status
stwo-prover-tests-run-1.elapsed	3	seconds
stwo-prover-tests-run-1.status	0	status
stwo-prover-tests-run-2.elapsed	3	seconds
stwo-prover-tests-run-2.status	0	status
stwo-prover-tests-run-3.elapsed	3	seconds
stwo-prover-tests-run-3.status	0	status
stwo-pcs-bench-run-1.elapsed	43	seconds
stwo-pcs-bench-run-1.status	0	status
stwo-pcs-bench-run-2.elapsed	25	seconds
stwo-pcs-bench-run-2.status	0	status
stwo-pcs-bench-run-3.elapsed	24	seconds
stwo-pcs-bench-run-3.status	0	status
criterion.stwo-pcs-bench-run-1.simd_polynomial_commitment_2_20.low	39.619	ms
criterion.stwo-pcs-bench-run-1.simd_polynomial_commitment_2_20.mid	39.776	ms
criterion.stwo-pcs-bench-run-1.simd_polynomial_commitment_2_20.high	39.920	ms
criterion.stwo-pcs-bench-run-1.cpu_polynomial_commitment_2_20.low	333.97	ms
criterion.stwo-pcs-bench-run-1.cpu_polynomial_commitment_2_20.mid	334.36	ms
criterion.stwo-pcs-bench-run-1.cpu_polynomial_commitment_2_20.high	334.62	ms
criterion.stwo-pcs-bench-run-2.simd_polynomial_commitment_2_20.low	39.838	ms
criterion.stwo-pcs-bench-run-2.simd_polynomial_commitment_2_20.mid	40.084	ms
criterion.stwo-pcs-bench-run-2.simd_polynomial_commitment_2_20.high	40.307	ms
criterion.stwo-pcs-bench-run-2.cpu_polynomial_commitment_2_20.low	334.98	ms
criterion.stwo-pcs-bench-run-2.cpu_polynomial_commitment_2_20.mid	335.68	ms
criterion.stwo-pcs-bench-run-2.cpu_polynomial_commitment_2_20.high	336.36	ms
criterion.stwo-pcs-bench-run-3.simd_polynomial_commitment_2_20.low	39.591	ms
criterion.stwo-pcs-bench-run-3.simd_polynomial_commitment_2_20.mid	39.833	ms
criterion.stwo-pcs-bench-run-3.simd_polynomial_commitment_2_20.high	40.018	ms
criterion.stwo-pcs-bench-run-3.cpu_polynomial_commitment_2_20.low	331.10	ms
criterion.stwo-pcs-bench-run-3.cpu_polynomial_commitment_2_20.mid	331.49	ms
criterion.stwo-pcs-bench-run-3.cpu_polynomial_commitment_2_20.high	331.86	ms
stwo-fri-bench-run-1.elapsed	21	seconds
stwo-fri-bench-run-1.status	0	status
stwo-fri-bench-run-2.elapsed	10	seconds
stwo-fri-bench-run-2.status	0	status
stwo-fri-bench-run-3.elapsed	10	seconds
stwo-fri-bench-run-3.status	0	status
criterion.stwo-fri-bench-run-1.fold_line.low	415.19	us
criterion.stwo-fri-bench-run-1.fold_line.mid	415.83	us
criterion.stwo-fri-bench-run-1.fold_line.high	416.52	us
criterion.stwo-fri-bench-run-2.fold_line.low	405.33	us
criterion.stwo-fri-bench-run-2.fold_line.mid	405.72	us
criterion.stwo-fri-bench-run-2.fold_line.high	406.16	us
criterion.stwo-fri-bench-run-3.fold_line.low	397.77	us
criterion.stwo-fri-bench-run-3.fold_line.mid	398.37	us
criterion.stwo-fri-bench-run-3.fold_line.high	398.94	us
stwo-zk-phase1-bench-run-1.elapsed	218	seconds
stwo-zk-phase1-bench-run-1.status	0	status
stwo-zk-phase1-bench-run-2.elapsed	206	seconds
stwo-zk-phase1-bench-run-2.status	0	status
stwo-zk-phase1-bench-run-3.elapsed	206	seconds
stwo-zk-phase1-bench-run-3.status	0	status
criterion.stwo-zk-phase1-bench-run-1.zk_phase1_r_coefficient_sampling_cpu_2_12.low	6.2103	us
criterion.stwo-zk-phase1-bench-run-1.zk_phase1_r_coefficient_sampling_cpu_2_12.mid	6.2140	us
criterion.stwo-zk-phase1-bench-run-1.zk_phase1_r_coefficient_sampling_cpu_2_12.high	6.2194	us
criterion.stwo-zk-phase1-bench-run-1.zk_phase1_r_evaluation_cpu_2_12.low	56.738	us
criterion.stwo-zk-phase1-bench-run-1.zk_phase1_r_evaluation_cpu_2_12.mid	56.778	us
criterion.stwo-zk-phase1-bench-run-1.zk_phase1_r_evaluation_cpu_2_12.high	56.805	us
criterion.stwo-zk-phase1-bench-run-1.zk_phase1_r_sampling_and_evaluation_cpu_2_12.low	62.706	us
criterion.stwo-zk-phase1-bench-run-1.zk_phase1_r_sampling_and_evaluation_cpu_2_12.mid	62.751	us
criterion.stwo-zk-phase1-bench-run-1.zk_phase1_r_sampling_and_evaluation_cpu_2_12.high	62.822	us
criterion.stwo-zk-phase1-bench-run-1.zk_phase1_r_coefficient_sampling_cpu_2_16.low	98.214	us
criterion.stwo-zk-phase1-bench-run-1.zk_phase1_r_coefficient_sampling_cpu_2_16.mid	98.273	us
criterion.stwo-zk-phase1-bench-run-1.zk_phase1_r_coefficient_sampling_cpu_2_16.high	98.335	us
criterion.stwo-zk-phase1-bench-run-1.zk_phase1_r_evaluation_cpu_2_16.low	1.0761	ms
criterion.stwo-zk-phase1-bench-run-1.zk_phase1_r_evaluation_cpu_2_16.mid	1.0765	ms
criterion.stwo-zk-phase1-bench-run-1.zk_phase1_r_evaluation_cpu_2_16.high	1.0771	ms
criterion.stwo-zk-phase1-bench-run-1.zk_phase1_r_sampling_and_evaluation_cpu_2_16.low	1.1736	ms
criterion.stwo-zk-phase1-bench-run-1.zk_phase1_r_sampling_and_evaluation_cpu_2_16.mid	1.1745	ms
criterion.stwo-zk-phase1-bench-run-1.zk_phase1_r_sampling_and_evaluation_cpu_2_16.high	1.1756	ms
criterion.stwo-zk-phase1-bench-run-1.zk_phase1_r_coefficient_sampling_cpu_2_20.low	1.5633	ms
criterion.stwo-zk-phase1-bench-run-1.zk_phase1_r_coefficient_sampling_cpu_2_20.mid	1.5644	ms
criterion.stwo-zk-phase1-bench-run-1.zk_phase1_r_coefficient_sampling_cpu_2_20.high	1.5658	ms
criterion.stwo-zk-phase1-bench-run-1.zk_phase1_r_evaluation_cpu_2_20.low	20.063	ms
criterion.stwo-zk-phase1-bench-run-1.zk_phase1_r_evaluation_cpu_2_20.mid	20.082	ms
criterion.stwo-zk-phase1-bench-run-1.zk_phase1_r_evaluation_cpu_2_20.high	20.101	ms
criterion.stwo-zk-phase1-bench-run-1.zk_phase1_r_sampling_and_evaluation_cpu_2_20.low	21.616	ms
criterion.stwo-zk-phase1-bench-run-1.zk_phase1_r_sampling_and_evaluation_cpu_2_20.mid	21.651	ms
criterion.stwo-zk-phase1-bench-run-1.zk_phase1_r_sampling_and_evaluation_cpu_2_20.high	21.732	ms
criterion.stwo-zk-phase1-bench-run-1.zk_phase1_r_commitment_cpu_2_12.low	1.1060	ms
criterion.stwo-zk-phase1-bench-run-1.zk_phase1_r_commitment_cpu_2_12.mid	1.1101	ms
criterion.stwo-zk-phase1-bench-run-1.zk_phase1_r_commitment_cpu_2_12.high	1.1143	ms
criterion.stwo-zk-phase1-bench-run-1.zk_phase1_r_commitment_cpu_2_16.low	7.3837	ms
criterion.stwo-zk-phase1-bench-run-1.zk_phase1_r_commitment_cpu_2_16.mid	7.4413	ms
criterion.stwo-zk-phase1-bench-run-1.zk_phase1_r_commitment_cpu_2_16.high	7.4786	ms
criterion.stwo-zk-phase1-bench-run-1.zk_phase1_r_commitment_cpu_2_20.low	98.463	ms
criterion.stwo-zk-phase1-bench-run-1.zk_phase1_r_commitment_cpu_2_20.mid	98.585	ms
criterion.stwo-zk-phase1-bench-run-1.zk_phase1_r_commitment_cpu_2_20.high	98.696	ms
criterion.stwo-zk-phase1-bench-run-1.zk_phase1_h_batch_addition_cpu_2_12.low	1.9985	us
criterion.stwo-zk-phase1-bench-run-1.zk_phase1_h_batch_addition_cpu_2_12.mid	2.0479	us
criterion.stwo-zk-phase1-bench-run-1.zk_phase1_h_batch_addition_cpu_2_12.high	2.0771	us
criterion.stwo-zk-phase1-bench-run-1.zk_phase1_h_batch_addition_cpu_2_16.low	27.693	us
criterion.stwo-zk-phase1-bench-run-1.zk_phase1_h_batch_addition_cpu_2_16.mid	27.803	us
criterion.stwo-zk-phase1-bench-run-1.zk_phase1_h_batch_addition_cpu_2_16.high	27.904	us
criterion.stwo-zk-phase1-bench-run-1.zk_phase1_h_batch_addition_cpu_2_20.low	521.67	us
criterion.stwo-zk-phase1-bench-run-1.zk_phase1_h_batch_addition_cpu_2_20.mid	522.54	us
criterion.stwo-zk-phase1-bench-run-1.zk_phase1_h_batch_addition_cpu_2_20.high	523.07	us
criterion.stwo-zk-phase1-bench-run-1.zk_phase1_r_opening_construction_cpu_2_12.low	5.2791	us
criterion.stwo-zk-phase1-bench-run-1.zk_phase1_r_opening_construction_cpu_2_12.mid	5.6711	us
criterion.stwo-zk-phase1-bench-run-1.zk_phase1_r_opening_construction_cpu_2_12.high	6.5815	us
criterion.stwo-zk-phase1-bench-run-1.zk_phase1_r_opening_construction_cpu_2_16.low	6.8842	us
criterion.stwo-zk-phase1-bench-run-1.zk_phase1_r_opening_construction_cpu_2_16.mid	9.1242	us
criterion.stwo-zk-phase1-bench-run-1.zk_phase1_r_opening_construction_cpu_2_16.high	13.807	us
criterion.stwo-zk-phase1-bench-run-1.zk_phase1_r_opening_construction_cpu_2_20.low	10.859	us
criterion.stwo-zk-phase1-bench-run-1.zk_phase1_r_opening_construction_cpu_2_20.mid	11.005	us
criterion.stwo-zk-phase1-bench-run-1.zk_phase1_r_opening_construction_cpu_2_20.high	11.214	us
criterion.stwo-zk-phase1-bench-run-1.zk_phase1_r_opening_verification_cpu_2_12.low	5.3637	us
criterion.stwo-zk-phase1-bench-run-1.zk_phase1_r_opening_verification_cpu_2_12.mid	5.3688	us
criterion.stwo-zk-phase1-bench-run-1.zk_phase1_r_opening_verification_cpu_2_12.high	5.3738	us
criterion.stwo-zk-phase1-bench-run-1.zk_phase1_r_opening_verification_cpu_2_16.low	6.6648	us
criterion.stwo-zk-phase1-bench-run-1.zk_phase1_r_opening_verification_cpu_2_16.mid	6.7104	us
criterion.stwo-zk-phase1-bench-run-1.zk_phase1_r_opening_verification_cpu_2_16.high	6.7728	us
criterion.stwo-zk-phase1-bench-run-1.zk_phase1_r_opening_verification_cpu_2_20.low	8.8242	us
criterion.stwo-zk-phase1-bench-run-1.zk_phase1_r_opening_verification_cpu_2_20.mid	9.1990	us
criterion.stwo-zk-phase1-bench-run-1.zk_phase1_r_opening_verification_cpu_2_20.high	9.7809	us
criterion.stwo-zk-phase1-bench-run-1.zk_phase1_r_answer_addition_6_queries.low	17.048	ns
criterion.stwo-zk-phase1-bench-run-1.zk_phase1_r_answer_addition_6_queries.mid	17.089	ns
criterion.stwo-zk-phase1-bench-run-1.zk_phase1_r_answer_addition_6_queries.high	17.115	ns
criterion.stwo-zk-phase1-bench-run-2.zk_phase1_r_coefficient_sampling_cpu_2_12.low	6.2314	us
criterion.stwo-zk-phase1-bench-run-2.zk_phase1_r_coefficient_sampling_cpu_2_12.mid	6.2478	us
criterion.stwo-zk-phase1-bench-run-2.zk_phase1_r_coefficient_sampling_cpu_2_12.high	6.2683	us
criterion.stwo-zk-phase1-bench-run-2.zk_phase1_r_evaluation_cpu_2_12.low	56.795	us
criterion.stwo-zk-phase1-bench-run-2.zk_phase1_r_evaluation_cpu_2_12.mid	56.855	us
criterion.stwo-zk-phase1-bench-run-2.zk_phase1_r_evaluation_cpu_2_12.high	56.905	us
criterion.stwo-zk-phase1-bench-run-2.zk_phase1_r_sampling_and_evaluation_cpu_2_12.low	62.718	us
criterion.stwo-zk-phase1-bench-run-2.zk_phase1_r_sampling_and_evaluation_cpu_2_12.mid	62.755	us
criterion.stwo-zk-phase1-bench-run-2.zk_phase1_r_sampling_and_evaluation_cpu_2_12.high	62.786	us
criterion.stwo-zk-phase1-bench-run-2.zk_phase1_r_coefficient_sampling_cpu_2_16.low	98.286	us
criterion.stwo-zk-phase1-bench-run-2.zk_phase1_r_coefficient_sampling_cpu_2_16.mid	98.461	us
criterion.stwo-zk-phase1-bench-run-2.zk_phase1_r_coefficient_sampling_cpu_2_16.high	98.661	us
criterion.stwo-zk-phase1-bench-run-2.zk_phase1_r_evaluation_cpu_2_16.low	1.0765	ms
criterion.stwo-zk-phase1-bench-run-2.zk_phase1_r_evaluation_cpu_2_16.mid	1.0768	ms
criterion.stwo-zk-phase1-bench-run-2.zk_phase1_r_evaluation_cpu_2_16.high	1.0771	ms
criterion.stwo-zk-phase1-bench-run-2.zk_phase1_r_sampling_and_evaluation_cpu_2_16.low	1.1741	ms
criterion.stwo-zk-phase1-bench-run-2.zk_phase1_r_sampling_and_evaluation_cpu_2_16.mid	1.1746	ms
criterion.stwo-zk-phase1-bench-run-2.zk_phase1_r_sampling_and_evaluation_cpu_2_16.high	1.1755	ms
criterion.stwo-zk-phase1-bench-run-2.zk_phase1_r_coefficient_sampling_cpu_2_20.low	1.5641	ms
criterion.stwo-zk-phase1-bench-run-2.zk_phase1_r_coefficient_sampling_cpu_2_20.mid	1.5648	ms
criterion.stwo-zk-phase1-bench-run-2.zk_phase1_r_coefficient_sampling_cpu_2_20.high	1.5656	ms
criterion.stwo-zk-phase1-bench-run-2.zk_phase1_r_evaluation_cpu_2_20.low	20.041	ms
criterion.stwo-zk-phase1-bench-run-2.zk_phase1_r_evaluation_cpu_2_20.mid	20.063	ms
criterion.stwo-zk-phase1-bench-run-2.zk_phase1_r_evaluation_cpu_2_20.high	20.088	ms
criterion.stwo-zk-phase1-bench-run-2.zk_phase1_r_sampling_and_evaluation_cpu_2_20.low	21.605	ms
criterion.stwo-zk-phase1-bench-run-2.zk_phase1_r_sampling_and_evaluation_cpu_2_20.mid	21.627	ms
criterion.stwo-zk-phase1-bench-run-2.zk_phase1_r_sampling_and_evaluation_cpu_2_20.high	21.659	ms
criterion.stwo-zk-phase1-bench-run-2.zk_phase1_r_commitment_cpu_2_12.low	1.0988	ms
criterion.stwo-zk-phase1-bench-run-2.zk_phase1_r_commitment_cpu_2_12.mid	1.1087	ms
criterion.stwo-zk-phase1-bench-run-2.zk_phase1_r_commitment_cpu_2_12.high	1.1167	ms
criterion.stwo-zk-phase1-bench-run-2.zk_phase1_r_commitment_cpu_2_16.low	7.3776	ms
criterion.stwo-zk-phase1-bench-run-2.zk_phase1_r_commitment_cpu_2_16.mid	7.3968	ms
criterion.stwo-zk-phase1-bench-run-2.zk_phase1_r_commitment_cpu_2_16.high	7.4109	ms
criterion.stwo-zk-phase1-bench-run-2.zk_phase1_r_commitment_cpu_2_20.low	98.615	ms
criterion.stwo-zk-phase1-bench-run-2.zk_phase1_r_commitment_cpu_2_20.mid	98.739	ms
criterion.stwo-zk-phase1-bench-run-2.zk_phase1_r_commitment_cpu_2_20.high	98.877	ms
criterion.stwo-zk-phase1-bench-run-2.zk_phase1_h_batch_addition_cpu_2_12.low	2.0228	us
criterion.stwo-zk-phase1-bench-run-2.zk_phase1_h_batch_addition_cpu_2_12.mid	2.0637	us
criterion.stwo-zk-phase1-bench-run-2.zk_phase1_h_batch_addition_cpu_2_12.high	2.0855	us
criterion.stwo-zk-phase1-bench-run-2.zk_phase1_h_batch_addition_cpu_2_16.low	27.904	us
criterion.stwo-zk-phase1-bench-run-2.zk_phase1_h_batch_addition_cpu_2_16.mid	28.109	us
criterion.stwo-zk-phase1-bench-run-2.zk_phase1_h_batch_addition_cpu_2_16.high	28.259	us
criterion.stwo-zk-phase1-bench-run-2.zk_phase1_h_batch_addition_cpu_2_20.low	517.28	us
criterion.stwo-zk-phase1-bench-run-2.zk_phase1_h_batch_addition_cpu_2_20.mid	518.83	us
criterion.stwo-zk-phase1-bench-run-2.zk_phase1_h_batch_addition_cpu_2_20.high	520.64	us
criterion.stwo-zk-phase1-bench-run-2.zk_phase1_r_opening_construction_cpu_2_12.low	5.4064	us
criterion.stwo-zk-phase1-bench-run-2.zk_phase1_r_opening_construction_cpu_2_12.mid	5.7204	us
criterion.stwo-zk-phase1-bench-run-2.zk_phase1_r_opening_construction_cpu_2_12.high	6.4335	us
criterion.stwo-zk-phase1-bench-run-2.zk_phase1_r_opening_construction_cpu_2_16.low	6.7993	us
criterion.stwo-zk-phase1-bench-run-2.zk_phase1_r_opening_construction_cpu_2_16.mid	6.8499	us
criterion.stwo-zk-phase1-bench-run-2.zk_phase1_r_opening_construction_cpu_2_16.high	6.9265	us
criterion.stwo-zk-phase1-bench-run-2.zk_phase1_r_opening_construction_cpu_2_20.low	10.935	us
criterion.stwo-zk-phase1-bench-run-2.zk_phase1_r_opening_construction_cpu_2_20.mid	11.213	us
criterion.stwo-zk-phase1-bench-run-2.zk_phase1_r_opening_construction_cpu_2_20.high	11.640	us
criterion.stwo-zk-phase1-bench-run-2.zk_phase1_r_opening_verification_cpu_2_12.low	5.5709	us
criterion.stwo-zk-phase1-bench-run-2.zk_phase1_r_opening_verification_cpu_2_12.mid	5.5837	us
criterion.stwo-zk-phase1-bench-run-2.zk_phase1_r_opening_verification_cpu_2_12.high	5.5942	us
criterion.stwo-zk-phase1-bench-run-2.zk_phase1_r_opening_verification_cpu_2_16.low	6.9488	us
criterion.stwo-zk-phase1-bench-run-2.zk_phase1_r_opening_verification_cpu_2_16.mid	7.0055	us
criterion.stwo-zk-phase1-bench-run-2.zk_phase1_r_opening_verification_cpu_2_16.high	7.0670	us
criterion.stwo-zk-phase1-bench-run-2.zk_phase1_r_opening_verification_cpu_2_20.low	8.8662	us
criterion.stwo-zk-phase1-bench-run-2.zk_phase1_r_opening_verification_cpu_2_20.mid	8.9474	us
criterion.stwo-zk-phase1-bench-run-2.zk_phase1_r_opening_verification_cpu_2_20.high	9.1058	us
criterion.stwo-zk-phase1-bench-run-2.zk_phase1_r_answer_addition_6_queries.low	16.952	ns
criterion.stwo-zk-phase1-bench-run-2.zk_phase1_r_answer_addition_6_queries.mid	16.999	ns
criterion.stwo-zk-phase1-bench-run-2.zk_phase1_r_answer_addition_6_queries.high	17.053	ns
criterion.stwo-zk-phase1-bench-run-3.zk_phase1_r_coefficient_sampling_cpu_2_12.low	6.2176	us
criterion.stwo-zk-phase1-bench-run-3.zk_phase1_r_coefficient_sampling_cpu_2_12.mid	6.2373	us
criterion.stwo-zk-phase1-bench-run-3.zk_phase1_r_coefficient_sampling_cpu_2_12.high	6.2614	us
criterion.stwo-zk-phase1-bench-run-3.zk_phase1_r_evaluation_cpu_2_12.low	56.791	us
criterion.stwo-zk-phase1-bench-run-3.zk_phase1_r_evaluation_cpu_2_12.mid	56.872	us
criterion.stwo-zk-phase1-bench-run-3.zk_phase1_r_evaluation_cpu_2_12.high	56.926	us
criterion.stwo-zk-phase1-bench-run-3.zk_phase1_r_sampling_and_evaluation_cpu_2_12.low	62.607	us
criterion.stwo-zk-phase1-bench-run-3.zk_phase1_r_sampling_and_evaluation_cpu_2_12.mid	62.628	us
criterion.stwo-zk-phase1-bench-run-3.zk_phase1_r_sampling_and_evaluation_cpu_2_12.high	62.669	us
criterion.stwo-zk-phase1-bench-run-3.zk_phase1_r_coefficient_sampling_cpu_2_16.low	98.138	us
criterion.stwo-zk-phase1-bench-run-3.zk_phase1_r_coefficient_sampling_cpu_2_16.mid	98.217	us
criterion.stwo-zk-phase1-bench-run-3.zk_phase1_r_coefficient_sampling_cpu_2_16.high	98.329	us
criterion.stwo-zk-phase1-bench-run-3.zk_phase1_r_evaluation_cpu_2_16.low	1.0755	ms
criterion.stwo-zk-phase1-bench-run-3.zk_phase1_r_evaluation_cpu_2_16.mid	1.0760	ms
criterion.stwo-zk-phase1-bench-run-3.zk_phase1_r_evaluation_cpu_2_16.high	1.0766	ms
criterion.stwo-zk-phase1-bench-run-3.zk_phase1_r_sampling_and_evaluation_cpu_2_16.low	1.1733	ms
criterion.stwo-zk-phase1-bench-run-3.zk_phase1_r_sampling_and_evaluation_cpu_2_16.mid	1.1739	ms
criterion.stwo-zk-phase1-bench-run-3.zk_phase1_r_sampling_and_evaluation_cpu_2_16.high	1.1752	ms
criterion.stwo-zk-phase1-bench-run-3.zk_phase1_r_coefficient_sampling_cpu_2_20.low	1.5653	ms
criterion.stwo-zk-phase1-bench-run-3.zk_phase1_r_coefficient_sampling_cpu_2_20.mid	1.5671	ms
criterion.stwo-zk-phase1-bench-run-3.zk_phase1_r_coefficient_sampling_cpu_2_20.high	1.5695	ms
criterion.stwo-zk-phase1-bench-run-3.zk_phase1_r_evaluation_cpu_2_20.low	20.056	ms
criterion.stwo-zk-phase1-bench-run-3.zk_phase1_r_evaluation_cpu_2_20.mid	20.084	ms
criterion.stwo-zk-phase1-bench-run-3.zk_phase1_r_evaluation_cpu_2_20.high	20.101	ms
criterion.stwo-zk-phase1-bench-run-3.zk_phase1_r_sampling_and_evaluation_cpu_2_20.low	21.606	ms
criterion.stwo-zk-phase1-bench-run-3.zk_phase1_r_sampling_and_evaluation_cpu_2_20.mid	21.623	ms
criterion.stwo-zk-phase1-bench-run-3.zk_phase1_r_sampling_and_evaluation_cpu_2_20.high	21.645	ms
criterion.stwo-zk-phase1-bench-run-3.zk_phase1_r_commitment_cpu_2_12.low	1.1116	ms
criterion.stwo-zk-phase1-bench-run-3.zk_phase1_r_commitment_cpu_2_12.mid	1.1158	ms
criterion.stwo-zk-phase1-bench-run-3.zk_phase1_r_commitment_cpu_2_12.high	1.1183	ms
criterion.stwo-zk-phase1-bench-run-3.zk_phase1_r_commitment_cpu_2_16.low	7.4090	ms
criterion.stwo-zk-phase1-bench-run-3.zk_phase1_r_commitment_cpu_2_16.mid	7.4875	ms
criterion.stwo-zk-phase1-bench-run-3.zk_phase1_r_commitment_cpu_2_16.high	7.5841	ms
criterion.stwo-zk-phase1-bench-run-3.zk_phase1_r_commitment_cpu_2_20.low	98.732	ms
criterion.stwo-zk-phase1-bench-run-3.zk_phase1_r_commitment_cpu_2_20.mid	98.802	ms
criterion.stwo-zk-phase1-bench-run-3.zk_phase1_r_commitment_cpu_2_20.high	98.875	ms
criterion.stwo-zk-phase1-bench-run-3.zk_phase1_h_batch_addition_cpu_2_12.low	2.0077	us
criterion.stwo-zk-phase1-bench-run-3.zk_phase1_h_batch_addition_cpu_2_12.mid	2.0573	us
criterion.stwo-zk-phase1-bench-run-3.zk_phase1_h_batch_addition_cpu_2_12.high	2.0842	us
criterion.stwo-zk-phase1-bench-run-3.zk_phase1_h_batch_addition_cpu_2_16.low	28.001	us
criterion.stwo-zk-phase1-bench-run-3.zk_phase1_h_batch_addition_cpu_2_16.mid	28.196	us
criterion.stwo-zk-phase1-bench-run-3.zk_phase1_h_batch_addition_cpu_2_16.high	28.331	us
criterion.stwo-zk-phase1-bench-run-3.zk_phase1_h_batch_addition_cpu_2_20.low	517.52	us
criterion.stwo-zk-phase1-bench-run-3.zk_phase1_h_batch_addition_cpu_2_20.mid	518.46	us
criterion.stwo-zk-phase1-bench-run-3.zk_phase1_h_batch_addition_cpu_2_20.high	519.54	us
criterion.stwo-zk-phase1-bench-run-3.zk_phase1_r_opening_construction_cpu_2_12.low	5.2854	us
criterion.stwo-zk-phase1-bench-run-3.zk_phase1_r_opening_construction_cpu_2_12.mid	5.6306	us
criterion.stwo-zk-phase1-bench-run-3.zk_phase1_r_opening_construction_cpu_2_12.high	6.4406	us
criterion.stwo-zk-phase1-bench-run-3.zk_phase1_r_opening_construction_cpu_2_16.low	6.8487	us
criterion.stwo-zk-phase1-bench-run-3.zk_phase1_r_opening_construction_cpu_2_16.mid	9.0097	us
criterion.stwo-zk-phase1-bench-run-3.zk_phase1_r_opening_construction_cpu_2_16.high	13.585	us
criterion.stwo-zk-phase1-bench-run-3.zk_phase1_r_opening_construction_cpu_2_20.low	11.146	us
criterion.stwo-zk-phase1-bench-run-3.zk_phase1_r_opening_construction_cpu_2_20.mid	11.308	us
criterion.stwo-zk-phase1-bench-run-3.zk_phase1_r_opening_construction_cpu_2_20.high	11.522	us
criterion.stwo-zk-phase1-bench-run-3.zk_phase1_r_opening_verification_cpu_2_12.low	5.4720	us
criterion.stwo-zk-phase1-bench-run-3.zk_phase1_r_opening_verification_cpu_2_12.mid	5.4838	us
criterion.stwo-zk-phase1-bench-run-3.zk_phase1_r_opening_verification_cpu_2_12.high	5.5010	us
criterion.stwo-zk-phase1-bench-run-3.zk_phase1_r_opening_verification_cpu_2_16.low	6.8179	us
criterion.stwo-zk-phase1-bench-run-3.zk_phase1_r_opening_verification_cpu_2_16.mid	6.8687	us
criterion.stwo-zk-phase1-bench-run-3.zk_phase1_r_opening_verification_cpu_2_16.high	6.9295	us
criterion.stwo-zk-phase1-bench-run-3.zk_phase1_r_opening_verification_cpu_2_20.low	8.9509	us
criterion.stwo-zk-phase1-bench-run-3.zk_phase1_r_opening_verification_cpu_2_20.mid	9.0274	us
criterion.stwo-zk-phase1-bench-run-3.zk_phase1_r_opening_verification_cpu_2_20.high	9.1799	us
criterion.stwo-zk-phase1-bench-run-3.zk_phase1_r_answer_addition_6_queries.low	16.937	ns
criterion.stwo-zk-phase1-bench-run-3.zk_phase1_r_answer_addition_6_queries.mid	16.978	ns
criterion.stwo-zk-phase1-bench-run-3.zk_phase1_r_answer_addition_6_queries.high	17.016	ns
