stwo-no-default-tests.elapsed	3	seconds
stwo-no-default-tests.status	0	status
stwo-prover-tests.elapsed	4	seconds
stwo-prover-tests.status	0	status
stwo-pcs-bench.elapsed	24	seconds
stwo-pcs-bench.status	0	status
criterion.stwo-pcs-bench.simd_polynomial_commitment_2_20.low	40.956	ms
criterion.stwo-pcs-bench.simd_polynomial_commitment_2_20.mid	41.872	ms
criterion.stwo-pcs-bench.simd_polynomial_commitment_2_20.high	42.965	ms
criterion.stwo-pcs-bench.cpu_polynomial_commitment_2_20.low	330.06	ms
criterion.stwo-pcs-bench.cpu_polynomial_commitment_2_20.mid	331.45	ms
criterion.stwo-pcs-bench.cpu_polynomial_commitment_2_20.high	332.81	ms
stwo-fri-bench.elapsed	9	seconds
stwo-fri-bench.status	0	status
criterion.stwo-fri-bench.fold_line.low	381.20	us
criterion.stwo-fri-bench.fold_line.mid	381.87	us
criterion.stwo-fri-bench.fold_line.high	382.56	us
stwo-zk-phase1-bench.elapsed	163	seconds
stwo-zk-phase1-bench.status	0	status
criterion.stwo-zk-phase1-bench.zk_phase1_r_sampling_and_evaluation_cpu_2_12.low	62.576	us
criterion.stwo-zk-phase1-bench.zk_phase1_r_sampling_and_evaluation_cpu_2_12.mid	62.639	us
criterion.stwo-zk-phase1-bench.zk_phase1_r_sampling_and_evaluation_cpu_2_12.high	62.671	us
criterion.stwo-zk-phase1-bench.zk_phase1_r_sampling_and_evaluation_cpu_2_16.low	1.1721	ms
criterion.stwo-zk-phase1-bench.zk_phase1_r_sampling_and_evaluation_cpu_2_16.mid	1.1728	ms
criterion.stwo-zk-phase1-bench.zk_phase1_r_sampling_and_evaluation_cpu_2_16.high	1.1735	ms
criterion.stwo-zk-phase1-bench.zk_phase1_r_sampling_and_evaluation_cpu_2_20.low	21.694	ms
criterion.stwo-zk-phase1-bench.zk_phase1_r_sampling_and_evaluation_cpu_2_20.mid	21.840	ms
criterion.stwo-zk-phase1-bench.zk_phase1_r_sampling_and_evaluation_cpu_2_20.high	21.963	ms
criterion.stwo-zk-phase1-bench.zk_phase1_r_commitment_cpu_2_12.low	1.1091	ms
criterion.stwo-zk-phase1-bench.zk_phase1_r_commitment_cpu_2_12.mid	1.1170	ms
criterion.stwo-zk-phase1-bench.zk_phase1_r_commitment_cpu_2_12.high	1.1230	ms
criterion.stwo-zk-phase1-bench.zk_phase1_r_commitment_cpu_2_16.low	7.3934	ms
criterion.stwo-zk-phase1-bench.zk_phase1_r_commitment_cpu_2_16.mid	7.4306	ms
criterion.stwo-zk-phase1-bench.zk_phase1_r_commitment_cpu_2_16.high	7.4766	ms
criterion.stwo-zk-phase1-bench.zk_phase1_r_commitment_cpu_2_20.low	98.857	ms
criterion.stwo-zk-phase1-bench.zk_phase1_r_commitment_cpu_2_20.mid	98.919	ms
criterion.stwo-zk-phase1-bench.zk_phase1_r_commitment_cpu_2_20.high	98.981	ms
criterion.stwo-zk-phase1-bench.zk_phase1_h_batch_addition_cpu_2_12.low	2.1161	us
criterion.stwo-zk-phase1-bench.zk_phase1_h_batch_addition_cpu_2_12.mid	2.1624	us
criterion.stwo-zk-phase1-bench.zk_phase1_h_batch_addition_cpu_2_12.high	2.1875	us
criterion.stwo-zk-phase1-bench.zk_phase1_h_batch_addition_cpu_2_16.low	27.817	us
criterion.stwo-zk-phase1-bench.zk_phase1_h_batch_addition_cpu_2_16.mid	28.001	us
criterion.stwo-zk-phase1-bench.zk_phase1_h_batch_addition_cpu_2_16.high	28.104	us
criterion.stwo-zk-phase1-bench.zk_phase1_h_batch_addition_cpu_2_20.low	516.68	us
criterion.stwo-zk-phase1-bench.zk_phase1_h_batch_addition_cpu_2_20.mid	517.48	us
criterion.stwo-zk-phase1-bench.zk_phase1_h_batch_addition_cpu_2_20.high	518.70	us
criterion.stwo-zk-phase1-bench.zk_phase1_r_opening_construction_cpu_2_12.low	5.6328	us
criterion.stwo-zk-phase1-bench.zk_phase1_r_opening_construction_cpu_2_12.mid	5.7772	us
criterion.stwo-zk-phase1-bench.zk_phase1_r_opening_construction_cpu_2_12.high	6.2119	us
criterion.stwo-zk-phase1-bench.zk_phase1_r_opening_construction_cpu_2_16.low	7.1208	us
criterion.stwo-zk-phase1-bench.zk_phase1_r_opening_construction_cpu_2_16.mid	7.2258	us
criterion.stwo-zk-phase1-bench.zk_phase1_r_opening_construction_cpu_2_16.high	7.3577	us
criterion.stwo-zk-phase1-bench.zk_phase1_r_opening_construction_cpu_2_20.low	11.901	us
criterion.stwo-zk-phase1-bench.zk_phase1_r_opening_construction_cpu_2_20.mid	12.078	us
criterion.stwo-zk-phase1-bench.zk_phase1_r_opening_construction_cpu_2_20.high	12.280	us
criterion.stwo-zk-phase1-bench.zk_phase1_r_opening_verification_cpu_2_12.low	5.5519	us
criterion.stwo-zk-phase1-bench.zk_phase1_r_opening_verification_cpu_2_12.mid	5.5661	us
criterion.stwo-zk-phase1-bench.zk_phase1_r_opening_verification_cpu_2_12.high	5.5837	us
criterion.stwo-zk-phase1-bench.zk_phase1_r_opening_verification_cpu_2_16.low	6.9172	us
criterion.stwo-zk-phase1-bench.zk_phase1_r_opening_verification_cpu_2_16.mid	6.9620	us
criterion.stwo-zk-phase1-bench.zk_phase1_r_opening_verification_cpu_2_16.high	7.0006	us
criterion.stwo-zk-phase1-bench.zk_phase1_r_opening_verification_cpu_2_20.low	8.9879	us
criterion.stwo-zk-phase1-bench.zk_phase1_r_opening_verification_cpu_2_20.mid	9.1208	us
criterion.stwo-zk-phase1-bench.zk_phase1_r_opening_verification_cpu_2_20.high	9.2861	us
criterion.stwo-zk-phase1-bench.zk_phase1_r_answer_addition_6_queries.low	21.106	ns
criterion.stwo-zk-phase1-bench.zk_phase1_r_answer_addition_6_queries.mid	21.790	ns
criterion.stwo-zk-phase1-bench.zk_phase1_r_answer_addition_6_queries.high	22.234	ns
